employee_id,department,level,gender,base_salary,bonus,total_compensation,years_experience,age,contract_type
EMP0363,Marketing,Junior,F,34500,5700,40200,3,22,temporary
EMP0074,Engineering,Senior,F,62700,4900,67600,8,31,full-time
EMP0376,Marketing,Junior,M,32300,5900,38200,0,25,full-time
EMP0156,Sales,Mid,M,45800,6700,52500,5,27,full-time
EMP0105,Sales,Junior,M,30800,6200,37000,1,22,full-time
EMP0396,Marketing,Mid,F,42900,2400,45300,4,25,full-time
EMP0379,Marketing,Junior,F,32400,1600,34000,1,22,full-time
EMP0125,Sales,Junior,F,34400,1900,36300,3,24,full-time
EMP0069,Engineering,Senior,F,68900,6700,75600,11,36,full-time
EMP0452,Operations,Junior,F,30900,3800,34700,1,23,temporary
EMP0010,Engineering,Junior,M,31100,2800,33900,3,25,full-time
EMP0195,Finance,Junior,M,27400,4500,31900,0,22,full-time
EMP0408,Marketing,Senior,M,67800,13000,80800,15,35,full-time
EMP0085,Engineering,Senior,M,82700,16200,98900,15,35,full-time
EMP0486,Operations,Senior,M,57500,7700,65200,8,31,full-time
EMP0421,Marketing,Senior,F,61200,11800,73000,13,36,full-time
EMP0497,Operations,Director,F,66700,8400,75100,20,41,full-time
EMP0031,Engineering,Junior,F,34400,3200,37600,0,22,full-time
EMP0317,HR,Mid,M,44800,6800,51600,4,28,full-time
EMP0410,Marketing,Senior,F,54800,5600,60400,9,30,full-time
EMP0492,Operations,Director,M,67400,8200,75600,15,39,full-time
EMP0493,Operations,Director,F,82700,8500,91200,23,47,full-time
EMP0281,HR,Junior,F,32600,2600,35200,0,22,full-time
EMP0357,Marketing,Junior,M,34400,5000,39400,2,22,full-time
EMP0077,Engineering,Senior,F,69600,6200,75800,11,30,full-time
EMP0463,Operations,Mid,M,43700,8400,52100,4,27,full-time
EMP0499,Operations,Director,M,75000,14500,89500,20,42,full-time
EMP0212,Finance,Junior,F,30300,2700,33000,0,22,full-time
EMP0102,Sales,Junior,M,34400,2600,37000,3,22,full-time
EMP0335,HR,Senior,F,51200,2700,53900,8,29,full-time
EMP0403,Marketing,Mid,F,38200,6100,44300,4,27,full-time
EMP0337,HR,Senior,F,59100,4200,63300,12,36,full-time
EMP0442,Operations,Junior,F,26900,3600,30500,3,22,full-time
EMP0174,Sales,Senior,M,47600,5000,52600,9,33,full-time
EMP0003,Engineering,Junior,F,32800,5200,38000,1,25,full-time
EMP0334,HR,Senior,F,56700,10200,66900,12,33,full-time
EMP0411,Marketing,Senior,F,66200,8700,74900,10,34,full-time
EMP0071,Engineering,Senior,F,64400,8100,72500,10,35,part-time
EMP0210,Finance,Junior,F,35400,1800,37200,0,23,full-time
EMP0064,Engineering,Mid,M,46900,3600,50500,3,25,full-time
EMP0435,Marketing,Director,M,84300,15300,99600,22,47,full-time
EMP0094,Engineering,Lead,F,87600,5300,92900,12,33,temporary
EMP0487,Operations,Senior,M,52600,9200,61800,9,29,full-time
EMP0186,Sales,Director,F,77400,14400,91800,16,36,full-time
EMP0034,Engineering,Junior,F,38100,2300,40400,3,24,full-time
EMP0078,Engineering,Senior,M,74400,14800,89200,10,30,full-time
EMP0001,Engineering,Junior,M,33100,5500,38600,0,25,full-time
EMP0012,Engineering,Junior,F,29700,5400,35100,1,26,part-time
EMP0417,Marketing,Senior,F,55300,8000,63300,14,34,full-time
EMP0023,Engineering,Junior,M,35300,6600,41900,2,27,full-time
EMP0073,Engineering,Senior,F,65900,11000,76900,9,28,temporary
EMP0183,Sales,Senior,M,65800,11200,77000,7,27,full-time
EMP0132,Sales,Mid,M,38800,3900,42700,3,22,full-time
EMP0412,Marketing,Senior,M,59800,4800,64600,11,36,part-time
EMP0194,Finance,Junior,F,33100,2400,35500,3,24,full-time
EMP0056,Engineering,Mid,F,51600,6500,58100,3,25,full-time
EMP0149,Sales,Mid,M,48700,9100,57800,5,30,full-time
EMP0019,Engineering,Junior,M,31100,5000,36100,3,27,part-time
EMP0205,Finance,Junior,M,33100,3200,36300,1,26,full-time
EMP0079,Engineering,Senior,F,67900,11700,79600,7,32,full-time
EMP0496,Operations,Director,M,63600,6100,69700,15,39,full-time
EMP0263,Finance,Senior,F,57400,9600,67000,13,34,full-time
EMP0324,HR,Mid,M,41200,6600,47800,6,30,full-time
EMP0485,Operations,Senior,M,54400,5900,60300,12,34,temporary
EMP0080,Engineering,Senior,M,68600,5900,74500,7,26,full-time
EMP0040,Engineering,Mid,F,47700,8200,55900,3,25,full-time
EMP0453,Operations,Junior,F,28600,2600,31200,1,25,part-time
EMP0047,Engineering,Mid,F,50800,6200,57000,5,26,full-time
EMP0239,Finance,Mid,M,45000,7800,52800,5,26,full-time
EMP0393,Marketing,Mid,F,47600,6500,54100,7,31,full-time
EMP0353,Marketing,Junior,F,31000,3300,34300,3,26,full-time
EMP0342,HR,Director,F,62300,12300,74600,24,49,full-time
EMP0278,HR,Junior,F,28700,2000,30700,0,22,full-time
EMP0291,HR,Junior,M,31900,3500,35400,0,22,full-time
EMP0318,HR,Mid,M,35500,5500,41000,6,30,full-time
EMP0305,HR,Junior,F,27000,2600,29600,2,24,full-time
EMP0269,Finance,Director,F,83900,11500,95400,13,35,full-time
EMP0070,Engineering,Senior,F,68300,9500,77800,8,30,full-time
EMP0457,Operations,Junior,M,31200,1800,33000,3,24,full-time
EMP0491,Operations,Senior,F,59900,7100,67000,13,36,full-time
EMP0155,Sales,Mid,F,52200,6000,58200,6,28,full-time
EMP0083,Engineering,Senior,F,55800,3300,59100,11,32,full-time
EMP0479,Operations,Senior,M,61700,8500,70200,12,31,full-time
EMP0173,Sales,Senior,M,67500,4900,72400,7,30,full-time
EMP0322,HR,Mid,M,38800,3500,42300,4,25,full-time
EMP0091,Engineering,Lead,F,97000,15900,112900,18,43,full-time
EMP0181,Sales,Senior,F,51800,5500,57300,13,38,full-time
EMP0416,Marketing,Senior,F,48100,3700,51800,14,36,full-time
EMP0313,HR,Mid,F,44700,5000,49700,4,23,full-time
EMP0279,HR,Junior,F,27100,2000,29100,0,22,full-time
EMP0383,Marketing,Mid,M,47800,2400,50200,7,27,full-time
EMP0474,Operations,Mid,F,43700,5100,48800,4,25,full-time
EMP0454,Operations,Junior,F,27500,2800,30300,3,27,full-time
EMP0325,HR,Mid,F,41800,6800,48600,4,28,full-time
EMP0433,Marketing,Director,M,89100,7300,96400,16,37,full-time
EMP0348,Marketing,Junior,F,27800,5400,33200,2,22,full-time
EMP0087,Engineering,Senior,F,70100,4800,74900,11,35,temporary
EMP0076,Engineering,Senior,F,56100,8300,64400,8,31,part-time
EMP0440,Operations,Junior,M,30500,2900,33400,2,22,full-time
EMP0016,Engineering,Junior,F,33100,3100,36200,2,23,full-time
EMP0250,Finance,Senior,F,67900,6700,74600,8,29,temporary
EMP0387,Marketing,Mid,M,41400,6400,47800,6,30,temporary
EMP0020,Engineering,Junior,M,30800,3300,34100,2,26,full-time
EMP0323,HR,Mid,M,36300,2100,38400,6,26,full-time
EMP0333,HR,Senior,F,52100,9800,61900,12,32,full-time
EMP0057,Engineering,Mid,M,49200,2800,52000,5,30,full-time
EMP0302,HR,Junior,M,25400,2800,28200,2,26,full-time
EMP0230,Finance,Mid,M,43400,7100,50500,7,28,temporary
EMP0332,HR,Senior,M,46100,3400,49500,12,33,full-time
EMP0133,Sales,Mid,M,42900,3200,46100,5,29,full-time
EMP0138,Sales,Mid,M,48700,3800,52500,6,27,full-time
EMP0425,Marketing,Senior,M,65000,4300,69300,15,36,part-time
EMP0336,HR,Senior,F,59500,8000,67500,15,35,full-time
EMP0026,Engineering,Junior,F,37600,2900,40500,1,25,full-time
EMP0466,Operations,Mid,M,42300,2900,45200,6,28,part-time
EMP0282,HR,Junior,F,30300,2100,32400,0,22,full-time
EMP0248,Finance,Senior,F,48100,8100,56200,15,39,full-time
EMP0238,Finance,Mid,M,47800,9300,57100,6,27,full-time
EMP0118,Sales,Junior,F,26300,2900,29200,3,24,full-time
EMP0043,Engineering,Mid,F,52500,7100,59600,3,24,temporary
EMP0221,Finance,Mid,M,54800,8500,63300,5,26,full-time
EMP0177,Sales,Senior,M,63000,5400,68400,8,29,full-time
EMP0321,HR,Mid,M,42100,2500,44600,7,29,full-time
EMP0154,Sales,Mid,M,40900,2700,43600,6,29,full-time
EMP0232,Finance,Mid,M,44000,5500,49500,4,27,full-time
EMP0228,Finance,Mid,M,48200,8800,57000,5,27,part-time
EMP0419,Marketing,Senior,M,60400,11900,72300,7,29,full-time
EMP0204,Finance,Junior,F,32900,2200,35100,2,27,full-time
EMP0127,Sales,Junior,F,34100,2900,37000,0,25,full-time
EMP0330,HR,Senior,M,54200,4600,58800,8,27,full-time
EMP0032,Engineering,Junior,F,28700,3600,32300,1,26,full-time
EMP0114,Sales,Junior,F,29100,2700,31800,1,22,full-time
EMP0472,Operations,Mid,M,39600,4000,43600,3,27,full-time
EMP0272,Finance,Director,F,96300,13100,109400,21,43,full-time
EMP0141,Sales,Mid,F,37200,5300,42500,3,22,full-time
EMP0058,Engineering,Mid,F,45900,2900,48800,5,24,full-time
EMP0193,Sales,Director,M,83900,13400,97300,12,32,full-time
EMP0025,Engineering,Junior,F,35500,3300,38800,0,24,full-time
EMP0018,Engineering,Junior,M,37600,6700,44300,3,23,full-time
EMP0266,Finance,Director,M,89900,8000,97900,23,42,part-time
EMP0067,Engineering,Senior,M,64900,10600,75500,15,38,full-time
EMP0209,Finance,Junior,M,33900,2900,36800,2,23,part-time
EMP0481,Operations,Senior,M,48900,3200,52100,12,33,full-time
EMP0095,Engineering,Lead,F,79800,7500,87300,10,33,full-time
EMP0254,Finance,Senior,M,59100,7900,67000,8,30,full-time
EMP0267,Finance,Director,M,100200,14500,114700,23,45,full-time
EMP0024,Engineering,Junior,M,28000,2300,30300,0,25,full-time
EMP0223,Finance,Mid,M,45100,8300,53400,3,23,part-time
EMP0262,Finance,Senior,M,66300,8100,74400,9,29,full-time
EMP0431,Marketing,Director,M,72300,11100,83400,23,48,full-time
EMP0006,Engineering,Junior,M,33500,4000,37500,2,26,full-time
EMP0117,Sales,Junior,M,37000,4100,41100,3,25,full-time
EMP0046,Engineering,Mid,F,47400,3000,50400,5,29,full-time
EMP0017,Engineering,Junior,F,37600,2300,39900,2,22,full-time
EMP0464,Operations,Mid,M,37800,1900,39700,7,32,full-time
EMP0358,Marketing,Junior,F,32500,5900,38400,0,22,full-time
EMP0004,Engineering,Junior,F,35000,2700,37700,3,23,full-time
EMP0219,Finance,Mid,M,40500,3100,43600,4,23,full-time
EMP0407,Marketing,Mid,F,55200,4600,59800,4,23,full-time
EMP0061,Engineering,Mid,F,52000,3200,55200,7,29,full-time
EMP0111,Sales,Junior,M,31900,5000,36900,2,27,full-time
EMP0319,HR,Mid,F,44200,7300,51500,6,29,part-time
EMP0430,Marketing,Director,M,92300,16300,108600,22,43,full-time
EMP0030,Engineering,Junior,M,45300,4500,49800,3,22,full-time
EMP0439,Operations,Junior,F,29100,5100,34200,0,25,full-time
EMP0445,Operations,Junior,F,29600,1600,31200,2,23,temporary
EMP0027,Engineering,Junior,F,33300,6100,39400,0,22,full-time
EMP0008,Engineering,Junior,F,35700,6800,42500,3,27,full-time
EMP0455,Operations,Junior,F,27100,3200,30300,0,22,full-time
EMP0109,Sales,Junior,M,30700,5100,35800,2,22,part-time
EMP0038,Engineering,Mid,F,53600,3400,57000,3,22,full-time
EMP0158,Sales,Mid,F,41000,5300,46300,4,23,full-time
EMP0468,Operations,Mid,M,37400,5200,42600,4,28,full-time
EMP0119,Sales,Junior,F,28200,1600,29800,0,22,full-time
EMP0115,Sales,Junior,M,24900,3000,27900,1,25,full-time
EMP0176,Sales,Senior,M,67600,8500,76100,14,38,full-time
EMP0375,Marketing,Junior,M,25900,3500,29400,0,24,part-time
EMP0182,Sales,Senior,M,55100,5600,60700,15,35,part-time
EMP0145,Sales,Mid,M,48400,8400,56800,7,30,full-time
EMP0371,Marketing,Junior,M,34700,4100,38800,3,27,full-time
EMP0381,Marketing,Mid,F,41300,3900,45200,5,28,full-time
EMP0196,Finance,Junior,M,36300,4100,40400,0,22,full-time
EMP0406,Marketing,Mid,M,53500,9600,63100,4,25,full-time
EMP0276,Finance,Director,M,79900,11000,90900,23,45,temporary
EMP0447,Operations,Junior,M,25400,1600,27000,0,22,full-time
EMP0142,Sales,Mid,F,42600,5600,48200,5,29,full-time
EMP0398,Marketing,Mid,F,43700,4000,47700,4,28,full-time
EMP0068,Engineering,Senior,M,61000,3900,64900,10,33,full-time
EMP0211,Finance,Junior,F,36500,4000,40500,0,22,full-time
EMP0169,Sales,Senior,M,55200,11000,66200,7,32,full-time
EMP0495,Operations,Director,M,71100,14000,85100,23,45,part-time
EMP0377,Marketing,Junior,F,30900,5200,36100,2,22,full-time
EMP0415,Marketing,Senior,F,56200,6100,62300,9,32,temporary
EMP0273,Finance,Director,F,87300,10500,97800,25,49,part-time
EMP0110,Sales,Junior,F,35600,6900,42500,1,25,full-time
EMP0249,Finance,Senior,M,55700,7500,63200,15,37,full-time
EMP0146,Sales,Mid,F,42100,5100,47200,6,25,part-time
EMP0093,Engineering,Lead,M,82100,16000,98100,14,38,part-time
EMP0153,Sales,Mid,F,42200,4900,47100,4,23,full-time
EMP0369,Marketing,Junior,F,30800,5600,36400,3,26,full-time
EMP0469,Operations,Mid,F,41200,6600,47800,7,31,full-time
EMP0084,Engineering,Senior,F,42700,6200,48900,10,33,full-time
EMP0246,Finance,Senior,F,59700,7200,66900,14,36,full-time
EMP0166,Sales,Mid,M,47800,2600,50400,5,26,full-time
EMP0164,Sales,Mid,M,51900,7300,59200,5,30,full-time
EMP0200,Finance,Junior,M,32300,5300,37600,0,24,full-time
EMP0229,Finance,Mid,M,45800,3900,49700,7,27,full-time
EMP0075,Engineering,Senior,M,78600,8500,87100,8,29,full-time
EMP0480,Operations,Senior,M,55600,4000,59600,11,35,full-time
EMP0359,Marketing,Junior,M,34500,5900,40400,2,22,temporary
EMP0251,Finance,Senior,M,62100,8700,70800,15,34,temporary
EMP0120,Sales,Junior,M,28600,1600,30200,1,22,full-time
EMP0311,HR,Mid,M,40800,3300,44100,4,24,full-time
EMP0300,HR,Junior,F,32500,6200,38700,1,25,part-time
EMP0256,Finance,Senior,F,59700,11700,71400,8,33,full-time
EMP0355,Marketing,Junior,F,35100,4000,39100,0,22,full-time
EMP0401,Marketing,Mid,F,36500,3500,40000,5,30,full-time
EMP0226,Finance,Mid,M,42000,3500,45500,7,29,full-time
EMP0354,Marketing,Junior,M,37500,7300,44800,0,22,full-time
EMP0235,Finance,Mid,M,42300,6900,49200,6,28,full-time
EMP0384,Marketing,Mid,F,41300,3200,44500,7,29,full-time
EMP0275,Finance,Director,M,86700,16900,103600,13,34,full-time
EMP0037,Engineering,Mid,M,58500,3100,61600,5,30,full-time
EMP0197,Finance,Junior,M,35300,6000,41300,3,24,full-time
EMP0140,Sales,Mid,F,38400,3500,41900,5,24,full-time
EMP0366,Marketing,Junior,F,31400,4400,35800,0,25,full-time
EMP0245,Finance,Mid,F,43900,2400,46300,3,25,full-time
EMP0441,Operations,Junior,M,23900,1600,25500,3,22,full-time
EMP0287,HR,Junior,F,29700,2200,31900,0,22,full-time
EMP0060,Engineering,Mid,F,41300,5400,46700,7,26,full-time
EMP0112,Sales,Junior,F,33600,6600,40200,1,22,full-time
EMP0090,Engineering,Lead,F,81900,8100,90000,12,35,full-time
EMP0438,Operations,Junior,F,24800,4000,28800,1,25,full-time
EMP0007,Engineering,Junior,M,34900,6200,41100,2,25,full-time
EMP0362,Marketing,Junior,F,35200,6100,41300,3,23,full-time
EMP0347,HR,Director,F,70100,7800,77900,25,50,full-time
EMP0339,HR,Senior,F,56900,6500,63400,10,30,full-time
EMP0159,Sales,Mid,F,46700,8300,55000,4,23,full-time
EMP0151,Sales,Mid,M,44900,7200,52100,5,27,temporary
EMP0178,Sales,Senior,F,52900,7400,60300,10,32,full-time
EMP0395,Marketing,Mid,F,47600,5600,53200,7,29,full-time
EMP0185,Sales,Senior,M,61000,12100,73100,8,33,full-time
EMP0451,Operations,Junior,F,29200,4400,33600,3,25,full-time
EMP0011,Engineering,Junior,F,35600,1900,37500,1,22,full-time
EMP0382,Marketing,Mid,M,44000,5200,49200,6,26,part-time
EMP0104,Sales,Junior,F,33600,1900,35500,2,22,full-time
EMP0082,Engineering,Senior,M,64100,4100,68200,13,35,temporary
EMP0039,Engineering,Mid,M,46100,8700,54800,4,25,full-time
EMP0315,HR,Mid,M,41700,5400,47100,7,32,full-time
EMP0168,Sales,Senior,F,58800,4800,63600,8,31,full-time
EMP0471,Operations,Mid,M,36700,4000,40700,7,30,full-time
EMP0297,HR,Junior,M,26200,4000,30200,3,26,full-time
EMP0476,Operations,Mid,F,42600,4600,47200,4,26,full-time
EMP0199,Finance,Junior,M,28600,3800,32400,3,24,full-time
EMP0298,HR,Junior,M,25100,3300,28400,2,24,full-time
EMP0418,Marketing,Senior,F,54200,7200,61400,8,33,full-time
EMP0147,Sales,Mid,M,42700,6700,49400,5,28,full-time
EMP0394,Marketing,Mid,M,42100,7000,49100,5,25,part-time
EMP0148,Sales,Mid,M,53600,6200,59800,3,22,full-time
EMP0449,Operations,Junior,M,22900,2600,25500,2,27,full-time
EMP0288,HR,Junior,M,30400,3500,33900,0,25,full-time
EMP0124,Sales,Junior,M,28100,5300,33400,1,22,full-time
EMP0370,Marketing,Junior,F,30600,3000,33600,2,22,full-time
EMP0097,Engineering,Lead,F,82500,5400,87900,14,34,full-time
EMP0144,Sales,Mid,F,37200,5500,42700,6,29,full-time
EMP0240,Finance,Mid,F,46500,3400,49900,4,27,part-time
EMP0473,Operations,Mid,F,38200,2300,40500,3,26,part-time
EMP0098,Engineering,Lead,F,78700,8500,87200,11,33,full-time
EMP0409,Marketing,Senior,F,71900,9400,81300,14,39,full-time
EMP0123,Sales,Junior,M,32600,5300,37900,0,22,full-time
EMP0184,Sales,Senior,F,58900,9400,68300,8,31,full-time
EMP0203,Finance,Junior,F,35200,1900,37100,0,25,full-time
EMP0247,Finance,Senior,M,75600,4000,79600,11,33,temporary
EMP0306,HR,Mid,F,37300,2300,39600,4,24,full-time
EMP0299,HR,Junior,M,34900,5000,39900,1,22,full-time
EMP0352,Marketing,Junior,M,31900,2300,34200,1,23,part-time
EMP0423,Marketing,Senior,M,64400,4100,68500,10,29,full-time
EMP0397,Marketing,Mid,M,43900,4800,48700,6,25,temporary
EMP0285,HR,Junior,M,32700,3900,36600,2,23,full-time
EMP0126,Sales,Junior,M,29300,5200,34500,2,27,full-time
EMP0303,HR,Junior,F,31800,2700,34500,2,23,full-time
EMP0224,Finance,Mid,M,46100,4600,50700,3,26,full-time
EMP0426,Marketing,Director,F,78900,9300,88200,16,36,full-time
EMP0220,Finance,Mid,M,48400,8400,56800,7,30,full-time
EMP0130,Sales,Junior,M,32600,5200,37800,2,22,full-time
EMP0422,Marketing,Senior,M,70800,7000,77800,12,32,full-time
EMP0290,HR,Junior,F,29500,2000,31500,0,24,part-time
EMP0456,Operations,Junior,F,23200,3300,26500,0,22,full-time
EMP0378,Marketing,Junior,F,28800,4900,33700,2,23,full-time
EMP0292,HR,Junior,F,26200,1900,28100,3,27,full-time
EMP0356,Marketing,Junior,F,28000,2400,30400,3,26,full-time
EMP0295,HR,Junior,M,31800,5400,37200,2,25,full-time
EMP0368,Marketing,Junior,M,33100,3500,36600,1,23,full-time
EMP0341,HR,Director,F,64200,8600,72800,13,33,full-time
EMP0113,Sales,Junior,M,32700,3300,36000,1,22,full-time
EMP0180,Sales,Senior,M,54600,3700,58300,9,31,full-time
EMP0308,HR,Mid,M,47500,7400,54900,3,23,full-time
EMP0434,Marketing,Director,M,78900,11700,90600,25,47,part-time
EMP0489,Operations,Senior,F,59400,4200,63600,9,32,full-time
EMP0483,Operations,Senior,M,58100,3900,62000,11,32,part-time
EMP0361,Marketing,Junior,F,33700,2600,36300,2,22,full-time
EMP0234,Finance,Mid,M,48700,8000,56700,4,23,temporary
EMP0312,HR,Mid,F,43000,7900,50900,3,23,full-time
EMP0165,Sales,Mid,F,38700,3700,42400,4,25,full-time
EMP0137,Sales,Mid,M,47500,6200,53700,4,25,full-time
EMP0198,Finance,Junior,F,30700,2000,32700,0,22,full-time
EMP0259,Finance,Senior,F,69800,7000,76800,13,34,part-time
EMP0233,Finance,Mid,M,43200,4600,47800,7,28,full-time
EMP0116,Sales,Junior,M,29800,2400,32200,2,23,full-time
EMP0121,Sales,Junior,F,27900,3500,31400,0,22,full-time
EMP0350,Marketing,Junior,F,32800,4700,37500,0,22,full-time
EMP0225,Finance,Mid,F,39000,3400,42400,7,27,full-time
EMP0404,Marketing,Mid,M,43600,6900,50500,7,26,full-time
EMP0399,Marketing,Mid,M,47600,4200,51800,4,23,full-time
EMP0128,Sales,Junior,F,22300,3000,25300,0,25,full-time
EMP0286,HR,Junior,F,30600,3900,34500,2,26,full-time
EMP0413,Marketing,Senior,F,70700,9400,80100,8,27,full-time
EMP0108,Sales,Junior,M,29600,4800,34400,1,23,full-time
EMP0372,Marketing,Junior,M,29400,2300,31700,3,24,full-time
EMP0326,HR,Mid,M,43600,7100,50700,3,25,temporary
EMP0134,Sales,Mid,M,42200,2500,44700,3,28,full-time
EMP0365,Marketing,Junior,F,34600,3400,38000,3,25,full-time
EMP0045,Engineering,Mid,F,49200,3800,53000,5,24,full-time
EMP0462,Operations,Mid,M,37600,4200,41800,7,30,full-time
EMP0066,Engineering,Senior,F,69800,8500,78300,11,35,full-time
EMP0284,HR,Junior,F,26500,4000,30500,3,26,full-time
EMP0086,Engineering,Senior,M,72800,4700,77500,13,37,full-time
EMP0243,Finance,Mid,M,51100,5800,56900,5,27,full-time
EMP0187,Sales,Director,F,77600,9600,87200,23,48,full-time
EMP0385,Marketing,Mid,M,56200,3400,59600,4,29,full-time
EMP0160,Sales,Mid,F,41900,2400,44300,5,28,full-time
EMP0013,Engineering,Junior,F,37200,7200,44400,0,23,full-time
EMP0036,Engineering,Mid,M,43000,3100,46100,5,29,full-time
EMP0029,Engineering,Junior,F,30000,4600,34600,1,23,full-time
EMP0171,Sales,Senior,F,55700,3100,58800,14,35,full-time
EMP0143,Sales,Mid,M,46700,8900,55600,6,27,full-time
EMP0400,Marketing,Mid,F,44300,3200,47500,6,27,full-time
EMP0343,HR,Director,M,65800,4000,69800,23,47,full-time
EMP0222,Finance,Mid,F,44600,7200,51800,3,22,part-time
EMP0096,Engineering,Lead,M,80300,14900,95200,18,39,full-time
EMP0052,Engineering,Mid,M,50300,4900,55200,4,23,full-time
EMP0241,Finance,Mid,M,42100,7100,49200,7,28,full-time
EMP0374,Marketing,Junior,F,29500,3000,32500,1,22,full-time
EMP0392,Marketing,Mid,F,55600,7600,63200,3,25,full-time
EMP0179,Sales,Senior,M,49800,3100,52900,13,32,full-time
EMP0042,Engineering,Mid,F,50000,9200,59200,3,25,full-time
EMP0437,Marketing,Director,F,78800,13300,92100,22,44,full-time
EMP0389,Marketing,Mid,M,42000,4400,46400,3,24,full-time
EMP0207,Finance,Junior,M,29600,4700,34300,3,28,full-time
EMP0283,HR,Junior,M,29600,5600,35200,0,22,full-time
EMP0255,Finance,Senior,M,63400,3500,66900,10,30,full-time
EMP0477,Operations,Mid,F,38800,4900,43700,4,26,full-time
EMP0005,Engineering,Junior,F,34600,3800,38400,3,25,temporary
EMP0257,Finance,Senior,M,67300,4600,71900,12,31,part-time
EMP0450,Operations,Junior,F,25700,1900,27600,1,24,full-time
EMP0101,Engineering,Lead,M,91300,10300,101600,17,41,part-time
EMP0227,Finance,Mid,M,52400,7100,59500,4,25,part-time
EMP0429,Marketing,Director,F,86900,12300,99200,17,36,full-time
EMP0214,Finance,Junior,F,30800,5400,36200,1,25,full-time
EMP0424,Marketing,Senior,F,56400,3500,59900,11,32,full-time
EMP0172,Sales,Senior,F,55900,8700,64600,8,28,full-time
EMP0099,Engineering,Lead,M,82300,4500,86800,18,37,full-time
EMP0293,HR,Junior,M,33000,5500,38500,0,25,full-time
EMP0216,Finance,Junior,M,29000,2600,31600,3,27,temporary
EMP0062,Engineering,Mid,M,43600,6300,49900,6,29,temporary
EMP0048,Engineering,Mid,F,49500,7200,56700,3,26,full-time
EMP0033,Engineering,Junior,M,40000,5200,45200,1,25,full-time
EMP0268,Finance,Director,F,82300,4500,86800,12,33,full-time
EMP0328,HR,Senior,M,53300,3400,56700,12,32,full-time
EMP0201,Finance,Junior,F,32300,2700,35000,1,22,part-time
EMP0448,Operations,Junior,M,28700,1700,30400,3,22,full-time
EMP0028,Engineering,Junior,M,32000,5500,37500,0,22,full-time
EMP0391,Marketing,Mid,M,45700,3500,49200,6,27,full-time
EMP0231,Finance,Mid,M,46200,7500,53700,4,26,full-time
EMP0261,Finance,Senior,M,76300,4700,81000,12,34,full-time
EMP0289,HR,Junior,F,29200,2500,31700,1,26,full-time
EMP0163,Sales,Mid,M,37400,2200,39600,3,23,full-time
EMP0427,Marketing,Director,F,72700,11300,84000,19,39,full-time
EMP0139,Sales,Mid,F,37800,5000,42800,7,31,full-time
EMP0063,Engineering,Mid,F,54400,4900,59300,6,26,full-time
EMP0136,Sales,Mid,F,39400,1900,41300,3,27,full-time
EMP0129,Sales,Junior,F,34500,5800,40300,0,22,full-time
EMP0478,Operations,Senior,M,57400,3500,60900,7,26,full-time
EMP0009,Engineering,Junior,M,37700,5300,43000,3,28,full-time
EMP0327,HR,Mid,M,37400,7400,44800,6,25,full-time
EMP0465,Operations,Mid,M,38500,5800,44300,3,28,full-time
EMP0065,Engineering,Mid,F,48700,4200,52900,3,26,full-time
EMP0301,HR,Junior,M,26500,2900,29400,0,25,full-time
EMP0015,Engineering,Junior,M,36100,2200,38300,2,22,full-time
EMP0157,Sales,Mid,M,50300,9800,60100,4,28,full-time
EMP0041,Engineering,Mid,F,54200,4200,58400,3,24,full-time
EMP0380,Marketing,Mid,M,52700,2700,55400,3,23,full-time
EMP0461,Operations,Mid,M,39700,7500,47200,7,26,full-time
EMP0405,Marketing,Mid,M,43200,2700,45900,3,22,temporary
EMP0217,Finance,Junior,M,32800,4700,37500,0,25,temporary
EMP0280,HR,Junior,M,31600,4100,35700,0,22,full-time
EMP0500,Operations,Director,M,82700,14600,97300,19,40,full-time
EMP0432,Marketing,Director,M,91700,13600,105300,12,37,full-time
EMP0338,HR,Senior,M,46200,8900,55100,12,31,full-time
EMP0237,Finance,Mid,F,44000,2700,46700,4,24,temporary
EMP0208,Finance,Junior,M,37200,4900,42100,1,22,full-time
EMP0213,Finance,Junior,M,38200,3300,41500,2,25,full-time
EMP0296,HR,Junior,F,31600,3000,34600,2,22,full-time
EMP0488,Operations,Senior,F,59700,9000,68700,11,33,full-time
EMP0252,Finance,Senior,M,49200,2800,52000,12,33,full-time
EMP0490,Operations,Senior,M,45000,3600,48600,7,28,part-time
EMP0470,Operations,Mid,F,35200,2500,37700,3,22,full-time
EMP0304,HR,Junior,M,30800,3800,34600,2,22,full-time
EMP0351,Marketing,Junior,F,28400,3700,32100,2,25,full-time
EMP0270,Finance,Director,F,81400,15700,97100,21,45,full-time
EMP0202,Finance,Junior,M,27500,1600,29100,3,28,temporary
EMP0162,Sales,Mid,F,42700,7000,49700,3,28,full-time
EMP0044,Engineering,Mid,F,54700,4000,58700,4,24,full-time
EMP0218,Finance,Mid,M,51200,5600,56800,7,32,full-time
EMP0402,Marketing,Mid,M,49600,2600,52200,5,27,full-time
EMP0191,Sales,Director,F,80000,4800,84800,22,43,full-time
EMP0310,HR,Mid,F,43700,2900,46600,7,32,full-time
EMP0260,Finance,Senior,F,68100,9400,77500,12,32,full-time
EMP0106,Sales,Junior,M,30900,4900,35800,1,22,full-time
EMP0054,Engineering,Mid,F,57900,5700,63600,3,22,full-time
EMP0390,Marketing,Mid,M,49600,9900,59500,6,30,full-time
EMP0002,Engineering,Junior,M,36800,2200,39000,3,26,full-time
EMP0443,Operations,Junior,M,25000,4000,29000,3,24,part-time
EMP0484,Operations,Senior,F,52600,10400,63000,15,34,full-time
EMP0050,Engineering,Mid,M,52400,8500,60900,7,30,full-time
EMP0420,Marketing,Senior,F,64000,6600,70600,11,33,full-time
EMP0081,Engineering,Senior,F,54500,3400,57900,10,32,temporary
EMP0206,Finance,Junior,M,33100,3500,36600,3,25,full-time
EMP0035,Engineering,Junior,F,39300,5700,45000,2,27,full-time
EMP0264,Finance,Director,F,80100,12300,92400,17,40,temporary
EMP0428,Marketing,Director,M,77900,8800,86700,13,32,full-time
EMP0367,Marketing,Junior,F,28800,2900,31700,3,23,full-time
EMP0092,Engineering,Lead,M,89000,7600,96600,18,43,full-time
EMP0340,HR,Director,M,75400,11000,86400,24,45,full-time
EMP0475,Operations,Mid,F,38900,3800,42700,4,25,full-time
EMP0053,Engineering,Mid,F,52400,3400,55800,4,29,full-time
EMP0346,HR,Director,F,68400,7700,76100,16,38,full-time
EMP0265,Finance,Director,M,82400,9100,91500,24,47,full-time
EMP0242,Finance,Mid,F,46400,7600,54000,6,30,full-time
EMP0014,Engineering,Junior,M,44300,6100,50400,0,22,full-time
EMP0316,HR,Mid,M,46600,6200,52800,4,23,full-time
EMP0089,Engineering,Senior,M,65000,10800,75800,12,37,full-time
EMP0388,Marketing,Mid,M,47800,8000,55800,5,28,full-time
EMP0274,Finance,Director,M,87400,12100,99500,18,37,full-time
EMP0167,Sales,Mid,M,32900,6200,39100,3,26,full-time
EMP0329,HR,Senior,F,54900,9100,64000,8,31,full-time
EMP0494,Operations,Director,M,83200,11000,94200,16,35,full-time
EMP0135,Sales,Mid,M,46200,3100,49300,4,26,temporary
EMP0307,HR,Mid,F,41700,2800,44500,6,26,full-time
EMP0482,Operations,Senior,F,54700,5900,60600,12,33,full-time
EMP0320,HR,Mid,M,40900,4500,45400,3,24,full-time
EMP0244,Finance,Mid,M,47500,5500,53000,5,24,full-time
EMP0055,Engineering,Mid,F,40400,4500,44900,4,23,full-time
EMP0364,Marketing,Junior,M,32100,2600,34700,0,22,full-time
EMP0051,Engineering,Mid,M,51700,3200,54900,7,30,full-time
EMP0458,Operations,Junior,M,28300,2900,31200,0,23,full-time
EMP0175,Sales,Senior,M,65600,3500,69100,13,34,full-time
EMP0446,Operations,Junior,F,25800,3500,29300,0,23,full-time
EMP0190,Sales,Director,M,69300,7400,76700,21,45,full-time
EMP0498,Operations,Director,M,81900,15100,97000,22,42,full-time
EMP0188,Sales,Director,F,73400,5100,78500,20,45,part-time
EMP0170,Sales,Senior,M,59000,6500,65500,9,30,full-time
EMP0059,Engineering,Mid,F,52600,2800,55400,6,26,full-time
EMP0049,Engineering,Mid,F,44000,8300,52300,7,31,part-time
EMP0345,HR,Director,M,69500,5800,75300,24,46,full-time
EMP0236,Finance,Mid,F,45400,8700,54100,3,25,full-time
EMP0253,Finance,Senior,M,66100,3500,69600,12,36,full-time
EMP0022,Engineering,Junior,F,35600,4100,39700,2,27,part-time
EMP0314,HR,Mid,F,39100,2800,41900,4,27,full-time
EMP0460,Operations,Mid,M,39500,2600,42100,5,26,full-time
EMP0161,Sales,Mid,M,44600,3000,47600,7,27,full-time
EMP0277,Finance,Director,M,93900,10900,104800,21,44,full-time
EMP0444,Operations,Junior,F,24600,4400,29000,0,24,full-time
EMP0192,Sales,Director,M,78200,12400,90600,19,40,part-time
EMP0386,Marketing,Mid,F,44000,6100,50100,4,28,full-time
EMP0294,HR,Junior,F,28800,4200,33000,1,25,part-time
EMP0414,Marketing,Senior,M,64400,12000,76400,7,27,full-time
EMP0344,HR,Director,M,73000,11200,84200,23,42,full-time
EMP0258,Finance,Senior,M,65900,9400,75300,15,35,part-time
EMP0309,HR,Mid,F,41300,7000,48300,3,25,full-time
EMP0150,Sales,Mid,F,30800,2900,33700,5,25,full-time
EMP0131,Sales,Junior,F,27000,3900,30900,1,22,full-time
EMP0152,Sales,Mid,M,49700,4800,54500,7,28,full-time
EMP0360,Marketing,Junior,M,35900,3900,39800,2,26,temporary
EMP0100,Engineering,Lead,M,70900,10800,81700,12,35,part-time
EMP0373,Marketing,Junior,F,32800,5600,38400,2,27,full-time
EMP0088,Engineering,Senior,F,62900,10800,73700,12,34,full-time
EMP0459,Operations,Junior,F,26200,2400,28600,3,26,full-time
EMP0331,HR,Senior,M,55300,9600,64900,13,33,full-time
EMP0215,Finance,Junior,F,26200,4000,30200,3,24,part-time
EMP0467,Operations,Mid,F,38500,7300,45800,7,26,full-time
EMP0122,Sales,Junior,M,26400,3200,29600,1,26,full-time
EMP0501,Operations,Director,M,76300,11000,87300,18,38,full-time
EMP0021,Engineering,Junior,M,40200,5000,45200,0,25,full-time
EMP0189,Sales,Director,F,84400,10400,94800,21,44,full-time
EMP0072,Engineering,Senior,F,69300,9200,78500,10,32,full-time
EMP0107,Sales,Junior,M,26800,5200,32000,0,22,full-time
EMP0271,Finance,Director,M,103300,16500,119800,14,34,full-time
EMP0349,Marketing,Junior,M,30300,3900,34200,0,23,full-time
EMP0436,Marketing,Director,F,86800,10100,96900,17,41,part-time
EMP0103,Sales,Junior,F,24500,4800,29300,2,22,full-time
